"unit_id","channel","polarity","unit_index","is_residual","lower_uv","upper_uv"
"A-000-NEG-U01","A-000","NEG","1","false","-64.935","-31.005000000000003"
"A-000-NEG-U02","A-000","NEG","2","false","-200.07","-64.935"
"A-000-NEG-U03","A-000","NEG","3","false","-inf","-200.07"
"A-000-POS-U01","A-000","POS","1","false","31.005000000000003","inf"
"A-001-NEG-U01","A-001","NEG","1","false","-70.005","-31.005000000000003"
"A-001-NEG-U02","A-001","NEG","2","false","-inf","-70.005"
"A-001-POS-U01","A-001","POS","1","false","31.005000000000003","63.96"
"A-001-POS-U02","A-001","POS","2","false","63.96","100.035"
"A-001-POS-U03","A-001","POS","3","false","100.035","inf"
"A-002-NEG-U01","A-002","NEG","1","false","-71.955","-32.955"
"A-002-NEG-U02","A-002","NEG","2","false","-195.0","-71.955"
"A-002-NEG-U03","A-002","NEG","3","false","-inf","-195.0"
"A-002-POS-U01","A-002","POS","1","false","32.955","70.005"
"A-002-POS-U02","A-002","POS","2","false","70.005","inf"
"A-003-NEG-U01","A-003","NEG","1","false","-94.965","-31.98"
"A-003-NEG-U02","A-003","NEG","2","false","-inf","-94.965"
"A-003-POS-U01","A-003","POS","1","false","31.98","inf"
"A-004-NEG-U01","A-004","NEG","1","false","-inf","-31.005000000000003"
"A-004-POS-U01","A-004","POS","1","false","31.005000000000003","inf"
"A-005-NEG-U01","A-005","NEG","1","false","-79.95","-31.005000000000003"
"A-005-NEG-U02","A-005","NEG","2","false","-inf","-79.95"
"A-005-POS-U01","A-005","POS","1","false","31.005000000000003","62.010000000000005"
"A-005-POS-U02","A-005","POS","2","false","62.010000000000005","inf"
"A-006-NEG-U01","A-006","NEG","1","false","-63.96","-33.93"
"A-006-NEG-U02","A-006","NEG","2","false","-109.98","-63.96"
"A-006-NEG-U03","A-006","NEG","3","false","-inf","-109.98"
"A-006-POS-U01","A-006","POS","1","false","33.93","60.06"
"A-006-POS-U02","A-006","POS","2","false","60.06","140.01"
"A-006-POS-U03","A-006","POS","3","false","140.01","inf"
"A-007-NEG-U01","A-007","NEG","1","false","-82.095","-31.98"
"A-007-NEG-U02","A-007","NEG","2","false","-inf","-82.095"
"A-007-POS-U01","A-007","POS","1","false","31.98","46.995000000000005"
"A-007-POS-U02","A-007","POS","2","false","46.995000000000005","inf"
"A-008-NEG-U01","A-008","NEG","1","false","-79.95","-30.03"
"A-008-NEG-U02","A-008","NEG","2","false","-inf","-79.95"
"A-008-POS-U01","A-008","POS","1","false","30.03","52.065000000000005"
"A-008-POS-U02","A-008","POS","2","false","52.065000000000005","111.345"
"A-008-POS-U03","A-008","POS","3","false","111.345","inf"
"A-009-NEG-U01","A-009","NEG","1","false","-70.005","-32.955"
"A-009-NEG-U02","A-009","NEG","2","false","-155.025","-70.005"
"A-009-NEG-U03","A-009","NEG","3","false","-inf","-155.025"
"A-009-POS-U01","A-009","POS","1","false","32.955","inf"
"A-010-NEG-U01","A-010","NEG","1","false","-inf","-30.03"
"A-010-POS-U01","A-010","POS","1","false","30.03","60.06"
"A-010-POS-U02","A-010","POS","2","false","60.06","inf"
"A-011-NEG-U01","A-011","NEG","1","false","-82.095","-33.93"
"A-011-NEG-U02","A-011","NEG","2","false","-249.99","-82.095"
"A-011-NEG-U03","A-011","NEG","3","false","-inf","-249.99"
"A-011-POS-U01","A-011","POS","1","false","33.93","79.95"
"A-011-POS-U02","A-011","POS","2","false","79.95","149.955"
"A-011-POS-U03","A-011","POS","3","false","149.955","inf"
"A-012-NEG-U01","A-012","NEG","1","false","-75.075","-30.03"
"A-012-NEG-U02","A-012","NEG","2","false","-140.01","-75.075"
"A-012-NEG-U03","A-012","NEG","3","false","-inf","-140.01"
"A-012-POS-U01","A-012","POS","1","false","30.03","56.550000000000004"
"A-012-POS-U02","A-012","POS","2","false","56.550000000000004","179.79"
"A-012-POS-U03","A-012","POS","3","false","179.79","inf"
"A-013-NEG-U01","A-013","NEG","1","false","-70.005","-32.955"
"A-013-NEG-U02","A-013","NEG","2","false","-179.985","-70.005"
"A-013-NEG-U03","A-013","NEG","3","false","-inf","-179.985"
"A-013-POS-U01","A-013","POS","1","false","32.955","70.005"
"A-013-POS-U02","A-013","POS","2","false","70.005","289.96500000000003"
"A-013-POS-U03","A-013","POS","3","false","289.96500000000003","inf"
"A-014-NEG-U01","A-014","NEG","1","false","-inf","-28.080000000000002"
"A-014-POS-U01","A-014","POS","1","false","28.080000000000002","inf"
"A-015-NEG-U01","A-015","NEG","1","false","-64.935","-28.080000000000002"
"A-015-NEG-U02","A-015","NEG","2","false","-inf","-64.935"
"A-015-POS-U01","A-015","POS","1","false","28.080000000000002","49.92"
"A-015-POS-U02","A-015","POS","2","false","49.92","inf"
"A-016-NEG-U01","A-016","NEG","1","false","-90.09","-34.905"
"A-016-NEG-U02","A-016","NEG","2","false","-inf","-90.09"
"A-016-POS-U01","A-016","POS","1","false","34.905","105.3"
"A-016-POS-U02","A-016","POS","2","false","105.3","inf"
"A-017-NEG-U01","A-017","NEG","1","false","-70.005","-34.905"
"A-017-NEG-U02","A-017","NEG","2","false","-149.955","-70.005"
"A-017-NEG-U03","A-017","NEG","3","false","-inf","-149.955"
"A-017-POS-U01","A-017","POS","1","false","34.905","138.06"
"A-017-POS-U02","A-017","POS","2","false","138.06","inf"
"A-018-NEG-U01","A-018","NEG","1","false","-85.02","-31.005000000000003"
"A-018-NEG-U02","A-018","NEG","2","false","-inf","-85.02"
"A-018-POS-U01","A-018","POS","1","false","31.005000000000003","115.05"
"A-018-POS-U02","A-018","POS","2","false","115.05","inf"
"A-019-NEG-U01","A-019","NEG","1","false","-57.915","-36.075"
"A-019-NEG-U02","A-019","NEG","2","false","-inf","-57.915"
"A-019-POS-U01","A-019","POS","1","false","36.075","65.91"
"A-019-POS-U02","A-019","POS","2","false","65.91","inf"
"A-020-NEG-U01","A-020","NEG","1","false","-79.95","-36.075"
"A-020-NEG-U02","A-020","NEG","2","false","-inf","-79.95"
"A-020-POS-U01","A-020","POS","1","false","36.075","94.965"
"A-020-POS-U02","A-020","POS","2","false","94.965","359.97"
"A-020-POS-U03","A-020","POS","3","false","359.97","inf"
"A-021-NEG-U01","A-021","NEG","1","false","-85.02","-34.905"
"A-021-NEG-U02","A-021","NEG","2","false","-174.915","-85.02"
"A-021-NEG-U03","A-021","NEG","3","false","-inf","-174.915"
"A-021-POS-U01","A-021","POS","1","false","34.905","inf"
"A-022-NEG-U01","A-022","NEG","1","false","-109.98","-36.075"
"A-022-NEG-U02","A-022","NEG","2","false","-299.91","-109.98"
"A-022-NEG-U03","A-022","NEG","3","false","-inf","-299.91"
"A-022-POS-U01","A-022","POS","1","false","36.075","inf"
"A-023-NEG-U01","A-023","NEG","1","false","-87.94500000000001","-36.075"
"A-023-NEG-U02","A-023","NEG","2","false","-164.97","-87.94500000000001"
"A-023-NEG-U03","A-023","NEG","3","false","-inf","-164.97"
"A-023-POS-U01","A-023","POS","1","false","36.075","108.03"
"A-023-POS-U02","A-023","POS","2","false","108.03","289.96500000000003"
"A-023-POS-U03","A-023","POS","3","false","289.96500000000003","inf"
"A-024-NEG-U01","A-024","NEG","1","false","-inf","-28.080000000000002"
"A-024-POS-U01","A-024","POS","1","false","28.080000000000002","inf"
"A-025-NEG-U01","A-025","NEG","1","false","-64.935","-33.93"
"A-025-NEG-U02","A-025","NEG","2","false","-149.955","-64.935"
"A-025-NEG-U03","A-025","NEG","3","false","-inf","-149.955"
"A-025-POS-U01","A-025","POS","1","false","33.93","60.06"
"A-025-POS-U02","A-025","POS","2","false","60.06","inf"
"A-026-NEG-U01","A-026","NEG","1","false","-49.92","-32.955"
"A-026-NEG-U02","A-026","NEG","2","false","-119.925","-49.92"
"A-026-NEG-U03","A-026","NEG","3","false","-inf","-119.925"
"A-026-POS-U01","A-026","POS","1","false","32.955","64.935"
"A-026-POS-U02","A-026","POS","2","false","64.935","160.095"
"A-026-POS-U03","A-026","POS","3","false","160.095","inf"
"A-027-NEG-U01","A-027","NEG","1","false","-109.98","-36.075"
"A-027-NEG-U02","A-027","NEG","2","false","-inf","-109.98"
"A-027-POS-U01","A-027","POS","1","false","36.075","68.055"
"A-027-POS-U02","A-027","POS","2","false","68.055","119.925"
"A-027-POS-U03","A-027","POS","3","false","119.925","inf"
"A-028-NEG-U01","A-028","NEG","1","false","-60.06","-36.075"
"A-028-NEG-U02","A-028","NEG","2","false","-inf","-60.06"
"A-028-POS-U01","A-028","POS","1","false","36.075","inf"
"A-029-NEG-U01","A-029","NEG","1","false","-79.95","-31.98"
"A-029-NEG-U02","A-029","NEG","2","false","-inf","-79.95"
"A-029-POS-U01","A-029","POS","1","false","31.98","inf"
"A-030-NEG-U01","A-030","NEG","1","false","-49.92","-32.955"
"A-030-NEG-U02","A-030","NEG","2","false","-inf","-49.92"
"A-030-POS-U01","A-030","POS","1","false","32.955","49.92"
"A-030-POS-U02","A-030","POS","2","false","49.92","119.925"
"A-030-POS-U03","A-030","POS","3","false","119.925","inf"
"A-031-NEG-U01","A-031","NEG","1","false","-133.965","-31.98"
"A-031-NEG-U02","A-031","NEG","2","false","-inf","-133.965"
"A-031-POS-U01","A-031","POS","1","false","31.98","70.005"
"A-031-POS-U02","A-031","POS","2","false","70.005","inf"
"A-032-NEG-U01","A-032","NEG","1","false","-62.010000000000005","-33.93"
"A-032-NEG-U02","A-032","NEG","2","false","-104.91","-62.010000000000005"
"A-032-NEG-U03","A-032","NEG","3","false","-inf","-104.91"
"A-032-POS-U01","A-032","POS","1","false","33.93","116.025"
"A-032-POS-U02","A-032","POS","2","false","116.025","inf"
"A-033-NEG-U01","A-033","NEG","1","false","-85.02","-32.955"
"A-033-NEG-U02","A-033","NEG","2","false","-inf","-85.02"
"A-033-POS-U01","A-033","POS","1","false","32.955","61.035000000000004"
"A-033-POS-U02","A-033","POS","2","false","61.035000000000004","117.97500000000001"
"A-033-POS-U03","A-033","POS","3","false","117.97500000000001","inf"
"A-034-NEG-U01","A-034","NEG","1","false","-100.035","-33.93"
"A-034-NEG-U02","A-034","NEG","2","false","-inf","-100.035"
"A-034-POS-U01","A-034","POS","1","false","33.93","64.935"
"A-034-POS-U02","A-034","POS","2","false","64.935","inf"
"A-035-NEG-U01","A-035","NEG","1","false","-78.0","-33.93"
"A-035-NEG-U02","A-035","NEG","2","false","-inf","-78.0"
"A-035-POS-U01","A-035","POS","1","false","33.93","63.96"
"A-035-POS-U02","A-035","POS","2","false","63.96","inf"
"A-036-NEG-U01","A-036","NEG","1","false","-78.0","-33.93"
"A-036-NEG-U02","A-036","NEG","2","false","-inf","-78.0"
"A-036-POS-U01","A-036","POS","1","false","33.93","45.045"
"A-036-POS-U02","A-036","POS","2","false","45.045","inf"
"A-037-NEG-U01","A-037","NEG","1","false","-90.09","-34.905"
"A-037-NEG-U02","A-037","NEG","2","false","-inf","-90.09"
"A-037-POS-U01","A-037","POS","1","false","34.905","145.08"
"A-037-POS-U02","A-037","POS","2","false","145.08","inf"
"A-038-NEG-U01","A-038","NEG","1","false","-119.925","-31.005000000000003"
"A-038-NEG-U02","A-038","NEG","2","false","-inf","-119.925"
"A-038-POS-U01","A-038","POS","1","false","31.005000000000003","inf"
"A-039-NEG-U01","A-039","NEG","1","false","-60.06","-32.955"
"A-039-NEG-U02","A-039","NEG","2","false","-inf","-60.06"
"A-039-POS-U01","A-039","POS","1","false","32.955","49.92"
"A-039-POS-U02","A-039","POS","2","false","49.92","inf"
"A-040-NEG-U01","A-040","NEG","1","false","-inf","-32.955"
"A-040-POS-U01","A-040","POS","1","false","32.955","49.92"
"A-040-POS-U02","A-040","POS","2","false","49.92","inf"
"A-042-NEG-U01","A-042","NEG","1","false","-96.915","-39.0"
"A-042-NEG-U02","A-042","NEG","2","false","-189.93","-96.915"
"A-042-NEG-U03","A-042","NEG","3","false","-inf","-189.93"
"A-042-POS-U01","A-042","POS","1","false","39.0","115.05"
"A-042-POS-U02","A-042","POS","2","false","115.05","234.975"
"A-042-POS-U03","A-042","POS","3","false","234.975","inf"
"A-043-NEG-U01","A-043","NEG","1","false","-160.095","-36.075"
"A-043-NEG-U02","A-043","NEG","2","false","-350.02500000000003","-160.095"
"A-043-NEG-U03","A-043","NEG","3","false","-inf","-350.02500000000003"
"A-043-POS-U01","A-043","POS","1","false","36.075","95.94"
"A-043-POS-U02","A-043","POS","2","false","95.94","inf"
"A-044-NEG-U01","A-044","NEG","1","false","-45.045","-31.005000000000003"
"A-044-NEG-U02","A-044","NEG","2","false","-149.955","-45.045"
"A-044-NEG-U03","A-044","NEG","3","false","-inf","-149.955"
"A-044-POS-U01","A-044","POS","1","false","31.005000000000003","45.045"
"A-044-POS-U02","A-044","POS","2","false","45.045","inf"
"A-045-NEG-U01","A-045","NEG","1","false","-85.02","-31.98"
"A-045-NEG-U02","A-045","NEG","2","false","-inf","-85.02"
"A-045-POS-U01","A-045","POS","1","false","31.98","49.92"
"A-045-POS-U02","A-045","POS","2","false","49.92","inf"
"A-046-NEG-U01","A-046","NEG","1","false","-95.94","-37.050000000000004"
"A-046-NEG-U02","A-046","NEG","2","false","-inf","-95.94"
"A-046-POS-U01","A-046","POS","1","false","37.050000000000004","70.005"
"A-046-POS-U02","A-046","POS","2","false","70.005","200.07"
"A-046-POS-U03","A-046","POS","3","false","200.07","inf"
"A-047-NEG-U01","A-047","NEG","1","false","-174.915","-37.050000000000004"
"A-047-NEG-U02","A-047","NEG","2","false","-399.945","-174.915"
"A-047-NEG-U03","A-047","NEG","3","false","-inf","-399.945"
"A-047-POS-U01","A-047","POS","1","false","37.050000000000004","155.025"
"A-047-POS-U02","A-047","POS","2","false","155.025","inf"
"A-048-NEG-U01","A-048","NEG","1","false","-47.97","-31.98"
"A-048-NEG-U02","A-048","NEG","2","false","-149.955","-47.97"
"A-048-NEG-U03","A-048","NEG","3","false","-inf","-149.955"
"A-048-POS-U01","A-048","POS","1","false","31.98","inf"
"A-049-NEG-U01","A-049","NEG","1","false","-60.06","-34.905"
"A-049-NEG-U02","A-049","NEG","2","false","-inf","-60.06"
"A-049-POS-U01","A-049","POS","1","false","34.905","75.075"
"A-049-POS-U02","A-049","POS","2","false","75.075","155.025"
"A-049-POS-U03","A-049","POS","3","false","155.025","inf"
"A-050-NEG-U01","A-050","NEG","1","false","-70.005","-31.005000000000003"
"A-050-NEG-U02","A-050","NEG","2","false","-119.925","-70.005"
"A-050-NEG-U03","A-050","NEG","3","false","-inf","-119.925"
"A-050-POS-U01","A-050","POS","1","false","31.005000000000003","inf"
"A-051-NEG-U01","A-051","NEG","1","false","-70.005","-32.955"
"A-051-NEG-U02","A-051","NEG","2","false","-inf","-70.005"
"A-051-POS-U01","A-051","POS","1","false","32.955","inf"
"A-052-NEG-U01","A-052","NEG","1","false","-inf","-30.03"
"A-052-POS-U01","A-052","POS","1","false","30.03","inf"
"A-053-NEG-U01","A-053","NEG","1","false","-94.965","-38.025"
"A-053-NEG-U02","A-053","NEG","2","false","-inf","-94.965"
"A-053-POS-U01","A-053","POS","1","false","38.025","115.05"
"A-053-POS-U02","A-053","POS","2","false","115.05","inf"
"A-054-NEG-U01","A-054","NEG","1","false","-70.005","-32.955"
"A-054-NEG-U02","A-054","NEG","2","false","-inf","-70.005"
"A-054-POS-U01","A-054","POS","1","false","32.955","70.005"
"A-054-POS-U02","A-054","POS","2","false","70.005","inf"
"A-055-NEG-U01","A-055","NEG","1","false","-65.91","-32.955"
"A-055-NEG-U02","A-055","NEG","2","false","-inf","-65.91"
"A-055-POS-U01","A-055","POS","1","false","32.955","149.955"
"A-055-POS-U02","A-055","POS","2","false","149.955","inf"
"A-057-NEG-U01","A-057","NEG","1","false","-inf","-36.075"
"A-057-POS-U01","A-057","POS","1","false","36.075","145.08"
"A-057-POS-U02","A-057","POS","2","false","145.08","inf"
"A-058-NEG-U01","A-058","NEG","1","false","-inf","-37.050000000000004"
"A-058-POS-U01","A-058","POS","1","false","37.050000000000004","81.315"
"A-058-POS-U02","A-058","POS","2","false","81.315","inf"
"A-059-NEG-U01","A-059","NEG","1","false","-100.035","-31.98"
"A-059-NEG-U02","A-059","NEG","2","false","-329.94","-100.035"
"A-059-NEG-U03","A-059","NEG","3","false","-inf","-329.94"
"A-059-POS-U01","A-059","POS","1","false","31.98","79.95"
"A-059-POS-U02","A-059","POS","2","false","79.95","inf"
"A-060-NEG-U01","A-060","NEG","1","false","-160.095","-34.905"
"A-060-NEG-U02","A-060","NEG","2","false","-365.04","-160.095"
"A-060-NEG-U03","A-060","NEG","3","false","-inf","-365.04"
"A-060-POS-U01","A-060","POS","1","false","34.905","94.965"
"A-060-POS-U02","A-060","POS","2","false","94.965","inf"
"A-061-NEG-U01","A-061","NEG","1","false","-70.005","-34.905"
"A-061-NEG-U02","A-061","NEG","2","false","-inf","-70.005"
"A-061-POS-U01","A-061","POS","1","false","34.905","60.06"
"A-061-POS-U02","A-061","POS","2","false","60.06","inf"
"A-062-NEG-U01","A-062","NEG","1","false","-75.075","-31.98"
"A-062-NEG-U02","A-062","NEG","2","false","-200.07","-75.075"
"A-062-NEG-U03","A-062","NEG","3","false","-inf","-200.07"
"A-062-POS-U01","A-062","POS","1","false","31.98","inf"
"A-063-NEG-U01","A-063","NEG","1","false","-119.925","-34.905"
"A-063-NEG-U02","A-063","NEG","2","false","-inf","-119.925"
"A-063-POS-U01","A-063","POS","1","false","34.905","49.92"
"A-063-POS-U02","A-063","POS","2","false","49.92","inf"
"A-064-NEG-U01","A-064","NEG","1","false","-inf","-41.925000000000004"
"A-064-POS-U01","A-064","POS","1","false","41.925000000000004","inf"
"A-065-NEG-U01","A-065","NEG","1","false","-inf","-34.905"
"A-065-POS-U01","A-065","POS","1","false","34.905","inf"
"A-066-NEG-U01","A-066","NEG","1","false","-inf","-55.965"
"A-066-POS-U01","A-066","POS","1","false","55.965","inf"
"A-067-NEG-U01","A-067","NEG","1","false","-75.075","-61.035000000000004"
"A-067-NEG-U02","A-067","NEG","2","false","-inf","-75.075"
"A-067-POS-U01","A-067","POS","1","false","61.035000000000004","90.09"
"A-067-POS-U02","A-067","POS","2","false","90.09","inf"
"A-068-NEG-U01","A-068","NEG","1","false","-64.935","-31.98"
"A-068-NEG-U02","A-068","NEG","2","false","-140.01","-64.935"
"A-068-NEG-U03","A-068","NEG","3","false","-inf","-140.01"
"A-068-POS-U01","A-068","POS","1","false","31.98","inf"
"A-069-NEG-U01","A-069","NEG","1","false","-inf","-38.025"
"A-069-POS-U01","A-069","POS","1","false","38.025","inf"
"A-070-NEG-U01","A-070","NEG","1","false","-inf","-44.07"
"A-070-POS-U01","A-070","POS","1","false","44.07","inf"
"A-071-NEG-U01","A-071","NEG","1","false","-85.02","-34.905"
"A-071-NEG-U02","A-071","NEG","2","false","-inf","-85.02"
"A-071-POS-U01","A-071","POS","1","false","34.905","inf"
"A-072-NEG-U01","A-072","NEG","1","false","-79.95","-53.04"
"A-072-NEG-U02","A-072","NEG","2","false","-inf","-79.95"
"A-072-POS-U01","A-072","POS","1","false","53.04","77.22"
"A-072-POS-U02","A-072","POS","2","false","77.22","inf"
"A-073-NEG-U01","A-073","NEG","1","false","-inf","-62.010000000000005"
"A-073-POS-U01","A-073","POS","1","false","62.010000000000005","inf"
"A-074-NEG-U01","A-074","NEG","1","false","-inf","-31.005000000000003"
"A-074-POS-U01","A-074","POS","1","false","31.005000000000003","inf"
"A-075-NEG-U01","A-075","NEG","1","false","-inf","-33.93"
"A-075-POS-U01","A-075","POS","1","false","33.93","49.92"
"A-075-POS-U02","A-075","POS","2","false","49.92","inf"
"A-076-NEG-U01","A-076","NEG","1","false","-inf","-46.02"
"A-076-POS-U01","A-076","POS","1","false","46.02","inf"
"A-077-NEG-U01","A-077","NEG","1","false","-108.61500000000001","-62.010000000000005"
"A-077-NEG-U02","A-077","NEG","2","false","-inf","-108.61500000000001"
"A-077-POS-U01","A-077","POS","1","false","62.010000000000005","95.355"
"A-077-POS-U02","A-077","POS","2","false","95.355","inf"
"A-078-NEG-U01","A-078","NEG","1","false","-79.95","-31.005000000000003"
"A-078-NEG-U02","A-078","NEG","2","false","-inf","-79.95"
"A-078-POS-U01","A-078","POS","1","false","31.005000000000003","inf"
"A-079-NEG-U01","A-079","NEG","1","false","-70.005","-32.955"
"A-079-NEG-U02","A-079","NEG","2","false","-inf","-70.005"
"A-079-POS-U01","A-079","POS","1","false","32.955","87.94500000000001"
"A-079-POS-U02","A-079","POS","2","false","87.94500000000001","inf"
"A-080-NEG-U01","A-080","NEG","1","false","-inf","-34.905"
"A-080-POS-U01","A-080","POS","1","false","34.905","inf"
"A-081-NEG-U01","A-081","NEG","1","false","-160.485","-55.965"
"A-081-NEG-U02","A-081","NEG","2","false","-inf","-160.485"
"A-081-POS-U01","A-081","POS","1","false","55.965","inf"
"A-082-NEG-U01","A-082","NEG","1","false","-inf","-54.99"
"A-082-POS-U01","A-082","POS","1","false","54.99","inf"
"A-084-NEG-U01","A-084","NEG","1","false","-inf","-37.050000000000004"
"A-084-POS-U01","A-084","POS","1","false","37.050000000000004","inf"
"A-085-NEG-U01","A-085","NEG","1","false","-inf","-54.99"
"A-085-POS-U01","A-085","POS","1","false","54.99","inf"
"A-086-NEG-U01","A-086","NEG","1","false","-inf","-33.93"
"A-086-POS-U01","A-086","POS","1","false","33.93","inf"
"A-087-NEG-U01","A-087","NEG","1","false","-inf","-54.99"
"A-087-POS-U01","A-087","POS","1","false","54.99","80.535"
"A-087-POS-U02","A-087","POS","2","false","80.535","inf"
"A-088-NEG-U01","A-088","NEG","1","false","-inf","-54.99"
"A-088-POS-U01","A-088","POS","1","false","54.99","inf"
"A-089-NEG-U01","A-089","NEG","1","false","-inf","-36.075"
"A-089-POS-U01","A-089","POS","1","false","36.075","inf"
"A-091-NEG-U01","A-091","NEG","1","false","-inf","-54.99"
"A-091-POS-U01","A-091","POS","1","false","54.99","inf"
"A-092-NEG-U01","A-092","NEG","1","false","-inf","-37.050000000000004"
"A-092-POS-U01","A-092","POS","1","false","37.050000000000004","inf"
"A-093-NEG-U01","A-093","NEG","1","false","-inf","-33.93"
"A-093-POS-U01","A-093","POS","1","false","33.93","inf"
"A-095-NEG-U01","A-095","NEG","1","false","-inf","-31.98"
"A-095-POS-U01","A-095","POS","1","false","31.98","inf"
"A-096-NEG-U01","A-096","NEG","1","false","-inf","-49.92"
"A-096-POS-U01","A-096","POS","1","false","49.92","inf"
"A-097-NEG-U01","A-097","NEG","1","false","-inf","-29.055"
"A-097-POS-U01","A-097","POS","1","false","29.055","inf"
"A-098-NEG-U01","A-098","NEG","1","false","-inf","-29.055"
"A-098-POS-U01","A-098","POS","1","false","29.055","inf"
"A-099-NEG-U01","A-099","NEG","1","false","-inf","-28.080000000000002"
"A-099-POS-U01","A-099","POS","1","false","28.080000000000002","inf"
"A-100-NEG-U01","A-100","NEG","1","false","-90.09","-45.045"
"A-100-NEG-U02","A-100","NEG","2","false","-179.985","-90.09"
"A-100-NEG-U03","A-100","NEG","3","false","-inf","-179.985"
"A-100-POS-U01","A-100","POS","1","false","45.045","inf"
"A-101-NEG-U01","A-101","NEG","1","false","-inf","-70.005"
"A-101-POS-U01","A-101","POS","1","false","70.005","inf"
"A-102-NEG-U01","A-102","NEG","1","false","-inf","-65.91"
"A-102-POS-U01","A-102","POS","1","false","65.91","inf"
"A-103-NEG-U01","A-103","NEG","1","false","-inf","-32.955"
"A-103-POS-U01","A-103","POS","1","false","32.955","inf"
"A-104-NEG-U01","A-104","NEG","1","false","-inf","-31.005000000000003"
"A-104-POS-U01","A-104","POS","1","false","31.005000000000003","inf"
"A-105-NEG-U01","A-105","NEG","1","false","-124.995","-64.935"
"A-105-NEG-U02","A-105","NEG","2","false","-inf","-124.995"
"A-105-POS-U01","A-105","POS","1","false","64.935","inf"
"A-106-NEG-U01","A-106","NEG","1","false","-69.81","-39.0"
"A-106-NEG-U02","A-106","NEG","2","false","-136.11","-69.81"
"A-106-NEG-U03","A-106","NEG","3","false","-inf","-136.11"
"A-106-POS-U01","A-106","POS","1","false","39.0","73.515"
"A-106-POS-U02","A-106","POS","2","false","73.515","inf"
"A-107-NEG-U01","A-107","NEG","1","false","-124.41000000000001","-67.08"
"A-107-NEG-U02","A-107","NEG","2","false","-inf","-124.41000000000001"
"A-107-POS-U01","A-107","POS","1","false","67.08","100.035"
"A-107-POS-U02","A-107","POS","2","false","100.035","inf"
"A-108-NEG-U01","A-108","NEG","1","false","-inf","-65.91"
"A-108-POS-U01","A-108","POS","1","false","65.91","inf"
"A-109-NEG-U01","A-109","NEG","1","false","-201.04500000000002","-62.010000000000005"
"A-109-NEG-U02","A-109","NEG","2","false","-inf","-201.04500000000002"
"A-109-POS-U01","A-109","POS","1","false","62.010000000000005","116.025"
"A-109-POS-U02","A-109","POS","2","false","116.025","inf"
"A-110-NEG-U01","A-110","NEG","1","false","-inf","-33.93"
"A-110-POS-U01","A-110","POS","1","false","33.93","inf"
"A-111-NEG-U01","A-111","NEG","1","false","-134.94","-67.08"
"A-111-NEG-U02","A-111","NEG","2","false","-inf","-134.94"
"A-111-POS-U01","A-111","POS","1","false","67.08","119.925"
"A-111-POS-U02","A-111","POS","2","false","119.925","inf"
"A-114-NEG-U01","A-114","NEG","1","false","-inf","-46.995000000000005"
"A-114-POS-U01","A-114","POS","1","false","46.995000000000005","inf"
"A-115-NEG-U01","A-115","NEG","1","false","-inf","-62.010000000000005"
"A-115-POS-U01","A-115","POS","1","false","62.010000000000005","inf"
"A-118-NEG-U01","A-118","NEG","1","false","-inf","-55.965"
"A-118-POS-U01","A-118","POS","1","false","55.965","inf"
"A-119-NEG-U01","A-119","NEG","1","false","-inf","-75.075"
"A-119-POS-U01","A-119","POS","1","false","75.075","inf"
"A-120-NEG-U01","A-120","NEG","1","false","-inf","-44.07"
"A-120-POS-U01","A-120","POS","1","false","44.07","inf"
"A-121-NEG-U01","A-121","NEG","1","false","-195.39000000000001","-40.95"
"A-121-NEG-U02","A-121","NEG","2","false","-inf","-195.39000000000001"
"A-121-POS-U01","A-121","POS","1","false","40.95","90.09"
"A-121-POS-U02","A-121","POS","2","false","90.09","inf"
"A-123-NEG-U01","A-123","NEG","1","false","-inf","-37.050000000000004"
"A-123-POS-U01","A-123","POS","1","false","37.050000000000004","inf"
"A-124-NEG-U01","A-124","NEG","1","false","-inf","-57.915"
"A-124-POS-U01","A-124","POS","1","false","57.915","inf"
"A-125-NEG-U01","A-125","NEG","1","false","-inf","-70.005"
"A-125-POS-U01","A-125","POS","1","false","70.005","inf"
"A-126-NEG-U01","A-126","NEG","1","false","-inf","-39.975"
"A-126-POS-U01","A-126","POS","1","false","39.975","inf"
"A-127-NEG-U01","A-127","NEG","1","false","-inf","-36.075"
"A-127-POS-U01","A-127","POS","1","false","36.075","inf"
"B-000-NEG-U01","B-000","NEG","1","false","-inf","-29.055"
"B-000-POS-U01","B-000","POS","1","false","29.055","inf"
"B-001-NEG-U01","B-001","NEG","1","false","-inf","-30.03"
"B-001-POS-U01","B-001","POS","1","false","30.03","inf"
"B-002-NEG-U01","B-002","NEG","1","false","-inf","-31.005000000000003"
"B-002-POS-U01","B-002","POS","1","false","31.005000000000003","inf"
"B-003-NEG-U01","B-003","NEG","1","false","-inf","-31.005000000000003"
"B-003-POS-U01","B-003","POS","1","false","31.005000000000003","inf"
"B-004-NEG-U01","B-004","NEG","1","false","-inf","-39.975"
"B-004-POS-U01","B-004","POS","1","false","39.975","inf"
"B-005-NEG-U01","B-005","NEG","1","false","-inf","-30.03"
"B-005-POS-U01","B-005","POS","1","false","30.03","inf"
"B-006-NEG-U01","B-006","NEG","1","false","-inf","-30.03"
"B-006-POS-U01","B-006","POS","1","false","30.03","inf"
"B-007-NEG-U01","B-007","NEG","1","false","-inf","-39.0"
"B-007-POS-U01","B-007","POS","1","false","39.0","inf"
"B-008-NEG-U01","B-008","NEG","1","false","-inf","-29.055"
"B-008-POS-U01","B-008","POS","1","false","29.055","inf"
"B-009-NEG-U01","B-009","NEG","1","false","-inf","-29.055"
"B-009-POS-U01","B-009","POS","1","false","29.055","inf"
"B-010-NEG-U01","B-010","NEG","1","false","-inf","-39.0"
"B-010-POS-U01","B-010","POS","1","false","39.0","inf"
"B-012-NEG-U01","B-012","NEG","1","false","-inf","-31.005000000000003"
"B-012-POS-U01","B-012","POS","1","false","31.005000000000003","inf"
"B-013-NEG-U01","B-013","NEG","1","false","-inf","-29.055"
"B-013-POS-U01","B-013","POS","1","false","29.055","inf"
"B-014-NEG-U01","B-014","NEG","1","false","-inf","-38.025"
"B-014-POS-U01","B-014","POS","1","false","38.025","inf"
"B-015-NEG-U01","B-015","NEG","1","false","-inf","-39.0"
"B-015-POS-U01","B-015","POS","1","false","39.0","inf"
"B-016-NEG-U01","B-016","NEG","1","false","-inf","-36.075"
"B-016-POS-U01","B-016","POS","1","false","36.075","inf"
"B-017-NEG-U01","B-017","NEG","1","false","-inf","-29.055"
"B-017-POS-U01","B-017","POS","1","false","29.055","inf"
"B-018-NEG-U01","B-018","NEG","1","false","-inf","-31.005000000000003"
"B-018-POS-U01","B-018","POS","1","false","31.005000000000003","inf"
"B-020-NEG-U01","B-020","NEG","1","false","-inf","-38.025"
"B-020-POS-U01","B-020","POS","1","false","38.025","inf"
"B-024-NEG-U01","B-024","NEG","1","false","-inf","-31.98"
"B-024-POS-U01","B-024","POS","1","false","31.98","inf"
"B-025-NEG-U01","B-025","NEG","1","false","-inf","-31.98"
"B-025-POS-U01","B-025","POS","1","false","31.98","inf"
"B-027-NEG-U01","B-027","NEG","1","false","-inf","-32.955"
"B-027-POS-U01","B-027","POS","1","false","32.955","inf"
"B-028-NEG-U01","B-028","NEG","1","false","-inf","-32.955"
"B-028-POS-U01","B-028","POS","1","false","32.955","inf"
"B-029-NEG-U01","B-029","NEG","1","false","-inf","-30.03"
"B-029-POS-U01","B-029","POS","1","false","30.03","inf"
"B-032-NEG-U01","B-032","NEG","1","false","-inf","-32.955"
"B-032-POS-U01","B-032","POS","1","false","32.955","inf"
"B-033-NEG-U01","B-033","NEG","1","false","-inf","-28.080000000000002"
"B-033-POS-U01","B-033","POS","1","false","28.080000000000002","inf"
"B-035-NEG-U01","B-035","NEG","1","false","-inf","-30.03"
"B-035-POS-U01","B-035","POS","1","false","30.03","inf"
"B-037-NEG-U01","B-037","NEG","1","false","-inf","-30.03"
"B-037-POS-U01","B-037","POS","1","false","30.03","inf"
"B-038-NEG-U01","B-038","NEG","1","false","-inf","-29.055"
"B-038-POS-U01","B-038","POS","1","false","29.055","inf"
"B-039-NEG-U01","B-039","NEG","1","false","-inf","-28.080000000000002"
"B-039-POS-U01","B-039","POS","1","false","28.080000000000002","inf"
"B-040-NEG-U01","B-040","NEG","1","false","-inf","-30.03"
"B-040-POS-U01","B-040","POS","1","false","30.03","inf"
"B-041-NEG-U01","B-041","NEG","1","false","-inf","-31.005000000000003"
"B-041-POS-U01","B-041","POS","1","false","31.005000000000003","inf"
"B-042-NEG-U01","B-042","NEG","1","false","-inf","-38.025"
"B-042-POS-U01","B-042","POS","1","false","38.025","inf"
"B-043-NEG-U01","B-043","NEG","1","false","-inf","-31.005000000000003"
"B-043-POS-U01","B-043","POS","1","false","31.005000000000003","inf"
"B-044-NEG-U01","B-044","NEG","1","false","-inf","-29.055"
"B-044-POS-U01","B-044","POS","1","false","29.055","inf"
"B-045-NEG-U01","B-045","NEG","1","false","-inf","-31.98"
"B-045-POS-U01","B-045","POS","1","false","31.98","inf"
"B-046-NEG-U01","B-046","NEG","1","false","-inf","-28.080000000000002"
"B-046-POS-U01","B-046","POS","1","false","28.080000000000002","inf"
"B-047-NEG-U01","B-047","NEG","1","false","-inf","-30.03"
"B-047-POS-U01","B-047","POS","1","false","30.03","inf"
"B-048-NEG-U01","B-048","NEG","1","false","-inf","-39.975"
"B-048-POS-U01","B-048","POS","1","false","39.975","inf"
"B-049-NEG-U01","B-049","NEG","1","false","-inf","-36.075"
"B-049-POS-U01","B-049","POS","1","false","36.075","inf"
"B-050-NEG-U01","B-050","NEG","1","false","-inf","-28.080000000000002"
"B-050-POS-U01","B-050","POS","1","false","28.080000000000002","inf"
"B-051-NEG-U01","B-051","NEG","1","false","-inf","-29.055"
"B-051-POS-U01","B-051","POS","1","false","29.055","inf"
"B-053-NEG-U01","B-053","NEG","1","false","-inf","-34.905"
"B-053-POS-U01","B-053","POS","1","false","34.905","inf"
"B-054-NEG-U01","B-054","NEG","1","false","-inf","-32.955"
"B-054-POS-U01","B-054","POS","1","false","32.955","inf"
"B-055-NEG-U01","B-055","NEG","1","false","-inf","-30.03"
"B-055-POS-U01","B-055","POS","1","false","30.03","inf"
"B-056-NEG-U01","B-056","NEG","1","false","-inf","-31.98"
"B-056-POS-U01","B-056","POS","1","false","31.98","inf"
"B-057-NEG-U01","B-057","NEG","1","false","-inf","-36.075"
"B-057-POS-U01","B-057","POS","1","false","36.075","inf"
"B-058-NEG-U01","B-058","NEG","1","false","-inf","-36.075"
"B-058-POS-U01","B-058","POS","1","false","36.075","inf"
"B-060-NEG-U01","B-060","NEG","1","false","-inf","-28.080000000000002"
"B-060-POS-U01","B-060","POS","1","false","28.080000000000002","inf"
"B-061-NEG-U01","B-061","NEG","1","false","-inf","-32.955"
"B-061-POS-U01","B-061","POS","1","false","32.955","inf"
"B-062-NEG-U01","B-062","NEG","1","false","-inf","-32.955"
"B-062-POS-U01","B-062","POS","1","false","32.955","inf"
"B-066-NEG-U01","B-066","NEG","1","false","-104.91","-34.905"
"B-066-NEG-U02","B-066","NEG","2","false","-inf","-104.91"
"B-066-POS-U01","B-066","POS","1","false","34.905","69.22500000000001"
"B-066-POS-U02","B-066","POS","2","false","69.22500000000001","inf"
"B-067-NEG-U01","B-067","NEG","1","false","-70.2","-36.075"
"B-067-NEG-U02","B-067","NEG","2","false","-inf","-70.2"
"B-067-POS-U01","B-067","POS","1","false","36.075","70.005"
"B-067-POS-U02","B-067","POS","2","false","70.005","inf"
"B-068-NEG-U01","B-068","NEG","1","false","-inf","-30.03"
"B-068-POS-U01","B-068","POS","1","false","30.03","49.92"
"B-068-POS-U02","B-068","POS","2","false","49.92","inf"
"B-071-NEG-U01","B-071","NEG","1","false","-39.975","-29.055"
"B-071-NEG-U02","B-071","NEG","2","false","-inf","-39.975"
"B-071-POS-U01","B-071","POS","1","false","29.055","104.91"
"B-071-POS-U02","B-071","POS","2","false","104.91","inf"
"B-072-NEG-U01","B-072","NEG","1","false","-200.07","-44.07"
"B-072-NEG-U02","B-072","NEG","2","false","-499.98","-200.07"
"B-072-NEG-U03","B-072","NEG","3","false","-inf","-499.98"
"B-072-POS-U01","B-072","POS","1","false","44.07","70.005"
"B-072-POS-U02","B-072","POS","2","false","70.005","148.005"
"B-072-POS-U03","B-072","POS","3","false","148.005","inf"
"B-073-NEG-U01","B-073","NEG","1","false","-75.075","-34.905"
"B-073-NEG-U02","B-073","NEG","2","false","-inf","-75.075"
"B-073-POS-U01","B-073","POS","1","false","34.905","49.92"
"B-073-POS-U02","B-073","POS","2","false","49.92","inf"
"B-074-NEG-U01","B-074","NEG","1","false","-inf","-36.075"
"B-074-POS-U01","B-074","POS","1","false","36.075","64.935"
"B-074-POS-U02","B-074","POS","2","false","64.935","inf"
"B-075-NEG-U01","B-075","NEG","1","false","-inf","-31.005000000000003"
"B-075-POS-U01","B-075","POS","1","false","31.005000000000003","41.925000000000004"
"B-075-POS-U02","B-075","POS","2","false","41.925000000000004","inf"
"B-076-NEG-U01","B-076","NEG","1","false","-inf","-40.95"
"B-076-POS-U01","B-076","POS","1","false","40.95","76.05"
"B-076-POS-U02","B-076","POS","2","false","76.05","157.56"
"B-076-POS-U03","B-076","POS","3","false","157.56","inf"
"B-077-NEG-U01","B-077","NEG","1","false","-94.965","-36.075"
"B-077-NEG-U02","B-077","NEG","2","false","-inf","-94.965"
"B-077-POS-U01","B-077","POS","1","false","36.075","54.99"
"B-077-POS-U02","B-077","POS","2","false","54.99","94.965"
"B-077-POS-U03","B-077","POS","3","false","94.965","inf"
"B-078-NEG-U01","B-078","NEG","1","false","-inf","-28.080000000000002"
"B-078-POS-U01","B-078","POS","1","false","28.080000000000002","inf"
"B-079-NEG-U01","B-079","NEG","1","false","-inf","-29.055"
"B-079-POS-U01","B-079","POS","1","false","29.055","60.06"
"B-079-POS-U02","B-079","POS","2","false","60.06","inf"
"B-081-NEG-U01","B-081","NEG","1","false","-65.715","-31.005000000000003"
"B-081-NEG-U02","B-081","NEG","2","false","-inf","-65.715"
"B-081-POS-U01","B-081","POS","1","false","31.005000000000003","124.995"
"B-081-POS-U02","B-081","POS","2","false","124.995","inf"
"B-082-NEG-U01","B-082","NEG","1","false","-45.045","-31.005000000000003"
"B-082-NEG-U02","B-082","NEG","2","false","-inf","-45.045"
"B-082-POS-U01","B-082","POS","1","false","31.005000000000003","inf"
"B-083-NEG-U01","B-083","NEG","1","false","-45.045","-30.03"
"B-083-NEG-U02","B-083","NEG","2","false","-inf","-45.045"
"B-083-POS-U01","B-083","POS","1","false","30.03","45.045"
"B-083-POS-U02","B-083","POS","2","false","45.045","76.245"
"B-083-POS-U03","B-083","POS","3","false","76.245","inf"
"B-084-NEG-U01","B-084","NEG","1","false","-200.07","-30.03"
"B-084-NEG-U02","B-084","NEG","2","false","-520.065","-200.07"
"B-084-NEG-U03","B-084","NEG","3","false","-inf","-520.065"
"B-084-POS-U01","B-084","POS","1","false","30.03","60.06"
"B-084-POS-U02","B-084","POS","2","false","60.06","inf"
"B-085-NEG-U01","B-085","NEG","1","false","-85.02","-31.98"
"B-085-NEG-U02","B-085","NEG","2","false","-inf","-85.02"
"B-085-POS-U01","B-085","POS","1","false","31.98","75.075"
"B-085-POS-U02","B-085","POS","2","false","75.075","inf"
"B-087-NEG-U01","B-087","NEG","1","false","-90.09","-34.905"
"B-087-NEG-U02","B-087","NEG","2","false","-inf","-90.09"
"B-087-POS-U01","B-087","POS","1","false","34.905","60.06"
"B-087-POS-U02","B-087","POS","2","false","60.06","173.35500000000002"
"B-087-POS-U03","B-087","POS","3","false","173.35500000000002","inf"
"B-088-NEG-U01","B-088","NEG","1","false","-61.620000000000005","-31.005000000000003"
"B-088-NEG-U02","B-088","NEG","2","false","-inf","-61.620000000000005"
"B-088-POS-U01","B-088","POS","1","false","31.005000000000003","inf"
"B-090-NEG-U01","B-090","NEG","1","false","-inf","-28.080000000000002"
"B-090-POS-U01","B-090","POS","1","false","28.080000000000002","55.965"
"B-090-POS-U02","B-090","POS","2","false","55.965","inf"
"B-091-NEG-U01","B-091","NEG","1","false","-inf","-34.905"
"B-091-POS-U01","B-091","POS","1","false","34.905","49.92"
"B-091-POS-U02","B-091","POS","2","false","49.92","70.005"
"B-091-POS-U03","B-091","POS","3","false","70.005","inf"
"B-094-NEG-U01","B-094","NEG","1","false","-70.005","-31.005000000000003"
"B-094-NEG-U02","B-094","NEG","2","false","-200.07","-70.005"
"B-094-NEG-U03","B-094","NEG","3","false","-inf","-200.07"
"B-094-POS-U01","B-094","POS","1","false","31.005000000000003","75.075"
"B-094-POS-U02","B-094","POS","2","false","75.075","inf"
